uid,order,id,type,name,start_day,start_at,end_day,end_at,body,place,image,
ev000,0,1259,0,myヘルメットを作ろう,1126,0:00,1126,1:00,自作のオリジナルヘルメットを被って寮祭企画に参加しよう,食堂・食堂横,media/images/0_00~Myヘル-コピー.jpg,
ev001,1,1261,0,時計台コンパ,1126,12:00,1126,16:00,皆で集まってあの有名な時計〇を占拠しましょう！,時計台前,media/images/12_00~時計台コンパ.jpg,
ev002,2,1262,0,弾圧警備員と遊ぼう,1126,12:00,1126,16:00,京大の弾圧警備員と時計台コンパで遊びます。,時計台コンパ,media/images/12_00~弾圧警備員と遊ぼう.jpg,
ev003,3,1260,0,100人で食べたいな、クスノキ前でおにぎりを◯,1126,12:00,1126,16:00,おにぎりでクスノキジャック,クスノキ前,media/images/12_00~100人で食べたいなクスノキ前でおにぎりを.jpg,
ev004,4,1263,0,時計〇占拠,1126,12:00,1126,16:00,今年も時計台前でなにかします。万民歓迎。,時計台前,media/images/12_00時計〇占拠.jpg,
ev005,5,1264,0,左京野外映画祭,1126,16:00,1126,20:00,野外で映画見ます。デルタかクスノキ前か中庭。協力者募集,デルタかクスノキ前か中庭,media/images/16_00~野外映画.jpg,
ev006,6,1266,0,熊王戦,1126,18:00,1126,20:00,熊野寮最強の将棋差しを決めます！決勝以外将棋ウォーズで対戦してもらうのでインストールよろしくおねがいします！,食堂,media/images/18_00~熊王戦.jpg,
ev007,7,1265,0,金融資本家コンパ,1126,18:00,1126,22:00,君も金融資本家になろう！,ロビーand食堂,media/images/18_00~金融資本家コンパ.jpg,
ev008,8,1267,0,打倒金融資本家,1126,18:00,1126,22:00,金融資本家による搾取を許すな！！同胞よ立ち上がれ！！,おそらくロビー,media/images/18_00~打倒金融資本家コンパ.jpg,チェック
ev009,9,1268,0,「お出汁」を入れてるよッッ,1126,20:00,1126,22:00,えッ、えッ、どういうこと！？,食堂,media/images/20_00~「お出汁」を入れてるよッッ.jpg,
ev010,10,1269,0,○○トッツォ,1126,20:00,1126,22:00,○○トッツォの限界を探ろう！,食堂,media/images/20_00~○○トッツォ.jpg,
ev011,11,1270,0,草むしり検定,1126,20:00,1126,22:00,落ちてても受かってても帰りに二郎行こうねッ！　ワ…！,食堂,media/images/20_00~草むしり検定.jpg,
ev012,12,1271,0,ジャパネットくまの,1126,21:00,1126,22:00,たかた社長の声は声楽的に心地よく響くらしい。たかた社長の漢字は髙田らしい。,食堂,media/images/21_00~ジャパネットくまの.jpg,
ev013,13,1272,0,桜Trickオールナイト上映会,1126,21:00,1126,28:00,今年もやります!,鉄扉,media/images/21_00~桜Trickオールナイト上映会.jpg,
ev014,14,1274,0,闇堕ち,1126,22:00,1126,23:00,任意の寮生が闇堕ちしたらどうなるか考える。,食堂,media/images/22_00~闇堕ち.jpg,
ev015,15,1275,0,最高の夏,1126,22:00,1126,23:00,最高の夏をやります。ドレスコードは半袖。,中庭,media/images/22_00~最高の夏.jpg,
ev016,16,1273,0,エクストリーム帰寮,1126,22:00,1127,8:00,車でどこかに拉致されて、徒歩で帰って来るだけ　財布なし地図なし,ロビー集合,media/images/22_00~エクストリーム帰寮.jpg,
ev017,17,1276,0,時計の針と針が出会う時,1126,24:00,1126,25:00,キンコン西野の近大卒業式演説みたいなスピーチを練習します。,食堂,media/images/0_00~時計の針と針が出会う時.jpg,
ev018,18,1277,0,目覚まし亭,1127,4:00,1127,6:00,皆大好き、◯起き亭と◯朗ラーメン夢のコラボ！去年に引き続き早朝にラーメンを出します！,食堂,media/images/4_00~目覚まし亭.jpg,
ev019,19,1278,0,アニメのOPでよくあるやつ,1127,10:00,1127,12:00,教えて 教えてよ　その仕組みを 僕の中に　誰がいるの？,C棟屋上,media/images/10_00~アニメのOPでよくあるやつ.jpg,
ev020,20,1281,0,鐵道唱歌を歌おう,1127,11:00,1127,16:00,日本全国津々浦々の鐵道唱歌を歌い尽くす！鐵分補給には鐵道唱歌！,後述の特記事項を満たせればどこでもいいです。,media/images/11_00~鐵道唱歌を歌う会.jpg,
ev021,21,1279,0,鏡文字コンパ,1127,11:00,1127,13:00,鏡文字で筆談、鏡習字の練習、鏡文字だーーーーーー,食堂,media/images/11_00~鏡文字コンパ.jpg,ない
ev022,22,1280,0,日陰ものコンパ,1127,11:00,1127,13:00,日陰ものじゃなくても参加できます,食堂,media/images/11_00~日陰者コンパ.jpg,
ev023,23,1282,0,サイゼで１万使う,1127,12:00,1127,14:00,たまにはミラノ風ドリア以外も食べたい！温玉も載せたい！,サイゼリヤ百万遍店,media/images/12_00~サイゼで万使うコンパ.jpg,
ev024,24,1283,0,タテカンワークショップ,1127,12:00,1127,16:00,タテカンをみんなでつくろう！寮外生・初心者歓迎！,食堂横,media/images/12_00~タテカンワークショップ.jpg,
ev025,25,1284,0,ラブライブ！と弁証法,1127,13:00,1127,15:00,講演会企画「ラブライブ！と弁証法」。講師は森田先生(広島大学社会科学研究会),食堂か食堂北部,media/images/13_00~ラブライブと弁証法-3(1).jpg,
ev026,26,1286,0,千本うまい棒,1127,14:00,1127,16:00,うまい棒1000本買って、皆で食べ放題。企画者の懐かしき想い出を、もう一度。,食堂,media/images/14_00~千本うまい棒.jpg,
ev027,27,1285,0,アフタヌーンティー,1127,14:00,1127,17:00,京都ならではの歴史を感じる学生寄宿舎で優雅なひとときを。ドレスコード:ベアフィールドエレガンス,民青池ガーデンパレス,media/images/14_00~アフタヌーンティー.jpg,
ev028,28,1287,0,12人algo,1127,16:00,1127,17:00,12人でalgoします。,食堂、ロビー,media/images/16_00~12人algo.jpg,
ev029,29,1289,0,ポケモンGO卵孵化RTA,1127,16:00,1127,18:00,5km卵を同時に孵化装置にセットし、一番早く孵化させるのを目指す。雨天順延,駐輪場,media/images/16_00~ポケモンGO卵ふ化RTA.jpg,
ev030,30,1288,0,オブラートに包む,1127,16:00,1127,19:00,オブラートに包む(物理)。 色々な食べ物をオブラートに包んで食べる,食堂,media/images/16_00~オブラートに包む.jpg,
ev031,31,1312,0,第2回くまスマsp,1127,17:00,1127,23:00,強いヤツは全員集れ！寮内最強スマブラプレイヤーを決めます！,食堂北部,media/images/20_00~くまスマ.jpg,
ev032,32,1290,0,全国学寮交流会,1127,18:00,1128,5:00,全国の学寮の寮生たちと交流する,食堂,media/images/18_00~全国学寮交流会.jpg,
ev033,33,1292,0,お風呂に入らない人コンパ,1127,19:00,1127,21:00,お風呂に毎日入るの必要が本当にあるのかどうかを議論します。,食堂,media/images/19_00~お風呂に入らない人コンパ.jpg,
ev034,34,1297,0,蒙古タンメン中核,1127,24:00,1127,25:00,中核派もびっくりな赤さの''あの''ラーメンを再現する,ロビーor食堂,media/images/0_00~蒙古タンメン中核.jpg,
ev035,35,1298,0,イカゲーム,1128,10:00,1128,13:00,あのイカゲームがついに熊野寮でも開催…！子どもの頃遊んだゲームを本気で！見たことない人も是非！,運動場,media/images/10_00~イカゲーム.jpg,
ev036,36,1299,0,さとのやと連帯,1128,11:00,1128,12:00,昼のや(昼のさとのや),さとのや,media/images/11_00~さとのや連帯.jpg,
ev037,37,1300,0,シャドウバースES大会「熊野杯」,1128,11:00,1128,12:00,シャドウバースES大会!参加賞で限定エンブレム、リアルプロモカードがもらえる!,空いてるなら食堂　空いてないならC34談話室　談話室まで他に使う人がいたら対応します。,media/images/11_00~シャドバ.jpg,
ev038,38,1302,0,寮生を着飾る,1128,11:00,1128,13:00,寮生だっておしゃれになりたい！！誰か助けて！！,三条四条あたり,media/images/11_00~寮生を着飾る.jpg,
ev039,39,1301,0,民青池ティーパーティー事件,1128,11:00,1128,16:00,民青池にお茶を投げ込もう！,民青池周り,media/images/11_00~民青池ティーパーティー事件.jpg,
ev040,40,1303,0,ぬいぐるみ同好会,1128,12:00,1128,14:00,うちの子同士の交流を深める会です。ふわふわタイム,食堂,media/images/12_00~ぬいぐるみ同好会.jpg,
ev041,41,1304,0,鉄道学各論(乗車券),1128,13:00,1128,17:00,乗車券の規則を知って、お得にJRを利用しよう！,後述の特記事項を満たすならどこでもいいです。,media/images/13_00~鉄道学各論Ⅰ(乗車券).jpg,
ev042,42,1305,0,四条大運動会,1128,14:00,1128,18:00,三条・四条の繁華街を解放区とするため、警察権力の弾圧に屈せず運動会を貫徹する。,三条～四条,media/images/14_00~四条大運動会.jpg,
ev043,43,1306,0,浄水器販売員vs京大生,1128,15:00,1128,17:00,京大生勝利→販売員辞職。　京大生敗北→浄水器10台買う。,食堂ｐｃ,media/images/15_00~浄水器販売員vs京大生.jpg,
ev044,44,1293,0,解剖コンパ,1128,18:00,1128,20:00,魚を解剖します。,食堂,media/images/19_00~解剖コンパ.jpg,
ev045,45,1307,0,鰹の藁焼き,1128,18:00,1128,21:00,高知県民の血となり肉となっていると噂の鰹の塊を藁で焼いて食べる！市場と農地直送！,中庭,media/images/18_00~鰹の藁焼き.jpg,
ev046,46,1308,0,鉄扉コンパ,1128,18:00,1128,26:00,権力から防衛された地下室へようこそ！毎年恒例、熊野寮で最もディープなコンパ！！,硬鉄庵,media/images/18_00~鉄扉コンパ.jpg,
ev047,47,1310,0,アカチャンコンパ,1128,19:00,1128,21:00,赤ちゃんが食べるものを食べたり、アレンジしたりする,食堂,media/images/19_00~赤ちゃんコンパ.jpg,
ev048,48,1309,0,結婚式,1128,19:00,1128,22:00,参列希望者募集！,0,media/images/19_00~結婚式.jpg,
ev049,49,1313,0,トべない豚はただの豚だ,1128,20:00,1128,21:00,豚肉の香草焼きをガチでトべるハーブで作るゾ！,食堂,media/images/20_00~トべない豚はただの豚だ.jpg,
ev050,50,1311,0,TRPG会,1128,20:00,1128,23:00,TRPGをやろう！前半:ふざけ系、後半:真面目系,食堂,media/images/20_00~TRPG会.jpg,
ev051,51,1294,0,麻将皇帝戦,1128,20:00,1128,26:00,参加者100人の大規模麻雀大会！景品は豪華カニ！！！,食堂及び食堂北部,media/images/21_00~麻将皇帝戦.jpg,
ev052,52,1315,0,24時間耐久宝塚上映会,1128,20:00,1129,20:00,宝塚のロミジュリ全作品を上映します。そのほかに名作も多数流します。,食堂北部,media/images/21_00~宝塚耐久上映.jpg,
ev053,53,1314,0,数独,1128,21:00,1128,24:00,タイムトライアル挑戦者求む！ 9×9・16×16だけでなく、新聞紙大の巨大数独をご用意。 常設コーナーも実施します。,食堂,media/images/21_00~数独.jpg,
ev054,54,1316,0,つかもとゆうた,1128,23:00,1128,24:00,アフロじゃないつかもとゆうたを見たい。,なし,media/images/23_00~つかもとゆうた.jpg,
ev055,55,1320,0,集合,1129,13:00,1129,14:00,しゅううううごーーーーーーーーーー！！！！,ロビー,media/images/13_00~集合.jpg,
ev056,56,1319,0,ジャンカラ占拠,1129,13:00,1129,15:00,ジャジャーンカラ京大BOX店さん。よろしくお願いします。,百万遍ジャンカラ,media/images/13_00~ジャンカラ占拠.jpg,
ev057,57,1318,0,きき熊野水,1129,13:00,1129,16:00,知っているのか？熊野水,食堂,media/images/13_00~きき熊野水.jpg,
ev058,58,1317,0,ガリ版刷り,1129,13:00,1129,16:00,あの伝説の印刷技術、ガリ版刷りをします!,食堂,media/images/13_00~ガリ版刷り.jpg,
ev059,59,1321,0,至近距離双眼鏡物当てバトル,1129,16:00,1129,19:00,遠くの物を見ることだけが双眼鏡の使い方ですか？偏見ですよ？鏡権侵害ですよ？たまには近くの物を見るために使ってあげましょう？,食堂,media/images/16_00~至近距離双眼鏡物あてバトル.jpg,
ev060,60,1322,0,少女☆歌劇　レヴュースタァライト上映会,1129,17:00,1129,24:00,みんなをスタァライト　しちゃいます！！,食堂or食北　（上映会ができる場所）,media/images/17_00~レヴュースタァライト上映会.jpg,
ev061,61,1324,0,吉田山かくれんぼ,1129,19:00,1129,23:00,かくれんぼする人この指とまれ。夜7時吉田神社鳥居集合。参加希望者はオープンチャットへ,吉田山,media/images/19_00~吉田山かくれんぼ.jpg,
ev062,62,1325,0,くまの湯,1129,19:00,1129,23:00,冷え込むこの季節、シャワーじゃ物足りないけど銭湯に行くのも渋い。そんなあなた！くまの湯でお待ちしております。,中庭,media/images/20_00~くまの湯.jpg,
ev063,63,1323,0,サウナを作る,1129,19:00,1129,24:00,サウナを作ってみんなで汗を流そう！お風呂と合わせていかがですか？,中庭,media/images/19_00~サウナをつくる.jpg,
ev064,64,1296,0,いらすとやタイトル当てクイズ,1129,20:00,1129,21:00,いらすとやの素材のタイトルを当てよう！,食堂(大きいテレビを使いたい),media/images/22_00~いらすとやタイトル当てクイズ.jpg,
ev065,65,1326,0,模擬団交,1129,20:00,1129,22:00,確約引き継ぎ団交の練習をします。寮外生も是非参加してね,食堂,media/images/20_00~模擬団交.jpg,
ev066,66,1327,0,蘇ったプリーグ,1129,21:00,1129,22:00,みんなでプーさんのホームランダービーをやろう！(参加者はPCを持ってきてください),食堂または食堂北部,media/images/21_00~プリーグ.jpg,
ev067,67,1328,0,入れ替わってる！？,1129,21:00,1129,22:00,寮生が服を持ち寄って、他人の服と入れ替えてきてみる。,食堂,media/images/21_00~入れ替わってる！？.jpg,
ev068,68,1329,0,百万遍牛丼RTA,1129,21:00,1129,22:00,百万遍にある牛丼3チェーンを最も早く食べられるのは誰かを競う、戦績優秀者には商品あり,百万遍(集合場所は別途通知),media/images/21_00~百万遍牛丼RTA-広告画像.jpg,ない
ev069,69,1331,0,コール&レスポンス,1129,22:00,1129,23:00,色々すっ飛ばしてコール&レスポンスの気持ちよさだけ味わいたい,音楽室,media/images/22_00~コール_レスポンス.jpg,
ev070,70,1332,0,ケーキコンパ,1129,22:00,1129,24:00,こちらでざいりょういっぱいよういするので、じゆうにけーきをつくってね。,食堂,media/images/23_00~ケーキコンパ.jpg,
ev071,71,1330,0,Did you kill it?,1129,23:00,1129,26:00,A3有志で作ったマダミスやります。TRPGとか人狼とか好きな人なら大体好きなボードゲームです。,食堂,media/images/22_00~Didyoukillit.jpg,
ev072,72,1333,0,ファイナルファンタジーⅦアドベントチルドレン上映会,1130,10:00,1130,13:00,君はもうファイナルファンタジーⅦアドベントチルドレンを観たかい？,食堂北部,media/images/10_00~FFⅦ上映会.jpg,
ev073,73,1334,0,新興宗教ラリー,1130,10:00,1201,10:00,新興宗教の施設を回りまくれ,いたるところ,media/images/10_00~新興宗教ラリー.jpg,
ev074,74,1335,0,小林スマホ買う,1130,12:00,1130,14:00,おじいちゃんのスマホデビューを皆で手助けしてあげよう！,食堂とかロビーとか,media/images/12_00~小林スマホ買う.jpg,
ev075,75,1336,0,AB棟間綱引き,1130,13:00,1130,14:00,民生池を挟み双璧を成すA棟とB棟の、一本の綱と誇りをかけた掛け値なしの頂上決戦。,屋上,media/images/13_00~AB棟間綱引き.jpg,
ev076,76,1337,0,洛中碁盤の目すごろく,1130,13:00,1130,15:00,京都の碁盤の目で遊んでみたくない？？原寸大の京都の碁盤の目ですごろくします,京都市内(玄関集合),media/images/13_00~洛中碁盤の目すごろく.jpg,
ev077,77,1338,0,KUMAN,1130,16:00,1130,19:00,近所の子供に勉強を教えたり、寒さに負けず一緒に遊ぶ。寮祭にも参加してもらおう。,食堂or熊野グラウンドor寮外集会所,media/images/16_00~KUMAN.jpg,
ev078,78,1339,0,熊野音楽遊戯会,1130,16:00,1130,20:00,音ゲーマーよ、集え,河原町ラウンドワン,media/images/16_00~熊野音楽遊戯会.jpg,
ev079,79,1340,0,ミリしら布教会,1130,18:00,1130,22:00,昔ツイッターで流行ってた「ミリしら」にのせて、自分の「好き」を布教しよう！,食堂のテレビ,media/images/18_00~ミリしら布教会.jpg,
ev080,80,1342,0,交換,1130,19:00,1130,20:00,いろいろなものを交換します。特別な景品なども交換します！,食堂,media/images/19_00~交換.jpg,
ev081,81,1341,0,パチンコ,1130,19:00,1130,21:00,パチンコで遊びましょう。成績が良い人には特別な景品もあるかも！？！？,食堂>食堂北部,media/images/19_00~パチンコ.jpg,
ev082,82,1343,0,くまの湯,1130,20:00,1130,24:00,冷え込むこの季節、シャワーじゃ物足りないけど銭湯に行くのも渋い。そんなあなた！くまの湯でお待ちしております。,中庭,media/images/20_00~くまの湯.jpg_,
ev083,83,1551,0,サウナを作る,1130,20:00,1130,24:00,サウナを作ってみんなで汗を流そう！お風呂と合わせていかがですか？,中庭,media/images/19_00~サウナをつくる.jpg,
ev084,84,1345,0,第2回キャンパスオリエンテーリング,1130,21:00,1130,23:00,大学キャンパス内にチェックポイントを設定しオリエンテーリング競技を行う。,大学など,media/images/21_00~オリエンテーリング-広告画像.jpg,
ev085,85,1347,0,Hello!Project　Compa　2021　冬　～Dormitory~,1130,21:00,1130,23:00,ハロプロにまつわるコンパをします！タコやパンダがでるかも！？ハロプロには人類がつまってる！ハロプロ好きの人も、あんまり知らない人も、ももち結びをしたい人も大歓迎。この日、もうひとつのハルマゲドンが起こる...,食堂,media/images/21_00~ハロプロこんぱ.jpg,
ev086,86,1346,0,クッキー☆コンパ,1130,21:00,1130,24:00,1名くらいで集まって出来た企画です☆ 寮祭日ありがとー☆,食堂,media/images/21_00~クッキー☆コンパ.jpg,
ev087,87,1349,0,追悼V6,1130,21:00,1130,24:00,11/1にV6が解散するらしいので、在りし日のお姿を偲びます。皆来てね。,第2会議室,media/images/21_00~追悼V6.jpg,
ev088,88,1350,0,熊野寮粉砕,1130,22:00,1130,24:00,敵を欺くには味方から。全力をもって熊野寮を粉砕しよう,時計台前と食堂,media/images/22_00~熊野寮粉砕.jpg,
ev089,89,1351,0,PUIPUIモルカー上映会,1130,23:00,1130,24:00,モルカーの応援上映会　ポテトがんばれー！,食堂北（というか上映スペース）,media/images/23_00~PUIPUIもるかー上映会.jpg,
ev090,90,1352,0,三里塚闘争DVD上映会,1130,24:00,1130,25:00,三里塚闘争＝成田空港反対闘争の歴史と今を伝えるDVDを上映します。,食堂の北部,media/images/0_00~三里塚上映会.jpg,
ev091,91,1348,0,自治,1201,0:00,1201,21:00,自分のことを自分でやってみる,開始と終了は食堂,media/images/21_00~自治.jpg,
ev092,92,1353,0,焼畑,1201,10:00,1201,15:00,民生池東側で焼畑をします。焼畑は非効率？いやいや、持続可能な農法です！,民生池東側の空き地,media/images/10_00~焼畑.jpg,
ev093,93,1355,0,ドッグフード早食い対決,1201,13:00,1201,15:00,,ボイラー室,media/images/13_00~ドッグフード早食い対決.jpg,
ev094,94,1354,0,スポーツ大会,1201,13:00,1201,19:00,スポーツ大会,グラウンド,media/images/13_00~スポーツ大会.jpg,
ev095,95,1356,0,足湯を作ろう　,1201,15:00,1202,11:00,足湯を作ろう,中庭、屋上,media/images/15_00~足湯を作ろう.jpg,
ev096,96,1357,0,ビジネス語・ゲバルト語検定,1201,17:00,1201,19:00,ビジネスパーソン、活動家と連帯することでシナジー効果に期待します。,食北,media/images/17_00~ビジネス語ゲバ語検定.jpg,
ev097,97,1552,0,寮食クイズ,1201,17:00,1201,24:00,今年もやります!!寮食クイズ!!メニューを当てて豪華景品を貰っちゃおう!!,食堂,media/images/18_00~寮食クイズ.jpg,
ev098,98,1358,0,育毛・脱毛体験,1201,18:00,1201,20:00,育毛・脱毛体験,外,media/images/18_00~育毛・脱毛体験.jpg,
ev099,99,1359,0,恋アス鑑賞会,1201,18:00,1201,23:00,京大生は全員恋する小惑星を見るべき。,食堂北部,media/images/18_00~恋アス鑑賞会.jpg,
ev100,100,1360,0,マイナンバーヌメロン,1201,19:00,1201,20:00,マイナンバーカードもしくは通知カードを持参してください（コピーも可）,食堂,media/images/19_00~マイナンバーヌメロン.jpg,
ev101,101,1361,0,速記プログラミング大会,1201,19:00,1201,21:00,お題を決めて、その動作をするプログラムを作成する速度を競う。使用する言語は問わない。,食堂,media/images/19_00~速記プログラミング大会.jpg,
ev102,102,1362,0,中核的交流施設 熊野倶楽部,1201,19:00,1202,5:00,三重県熊野市にある中核的交流施設 熊野倶楽部(紀南中核的交流施設 里創人・熊野倶楽部)に何らかの交通手段を用いて行きます。,熊野寮と三重県熊野市までの道中、そして中核的交流施設熊野倶楽部,media/images/19_00~中核的交流施設熊野倶楽部.jpg,
ev103,103,1363,0,朗読会,1201,20:00,1201,22:00,朗読会です（自分の作品の朗読も可）,食堂、ロビー,media/images/20_00~朗読会.jpg,
ev104,104,1365,0,ソビエト戦争映画15耐上映会,1201,21:00,1201,22:00,«Ни шагу назад!(一歩も下がるな！)»,食堂北部、またはC2談話室,media/images/21_00~ソビエト戦争映画15耐上映会.jpg,
ev105,105,1366,0,ハマグリのガソリン焼き,1201,21:00,1201,23:00,今年もやるぞ！統一！！！！,中庭,media/images/21_00~ハマグリのガソリン焼き.jpg,
ev106,106,1368,0,農学部コンパ,1201,22:00,1201,24:00,来るもの拒まず、去る者追わず,食堂,media/images/21_00~農学部コンパ.jpg,
ev107,107,1367,0,安部公房コンパ,1201,22:00,1201,24:00,作家・安部公房の魅力を堪能する会。映画「砂の女」の上映あり。,食堂または食堂北,media/images/21_00~安部公房コンパ.jpg,
ev108,108,1370,0,夢を捨て去るゾウ,1201,24:00,1201,26:00,1歩ずつ理想の自分から遠ざかれ(575),企画による,media/images/0_00~夢を捨て去るゾウ.jpg,
ev109,109,1371,0,無限ランダムウォーク,1202,0:00,1202,13:00,車を使って熊野寮出発でランダムウォークをします。赤信号や一時停止・突き当たりに出くわすたびにサイコロを振り、出た目に応じた方向に進みます。京都府を出ることができるまで無限に終わりません。ドライバーもそうじゃない方も歓迎！,なし,media/images/0_00~無限ランダムウォーク.jpg,
ev110,110,1369,0,小出 やすみなし,1202,0:00,1202,24:00,小出 やすみなし,企画による,media/images/0_00~小出やすみなし.jpg,
ev111,111,1372,0,釣りプロ小出の釣り教室,1202,9:00,1202,17:00,釣りプロ小出の釣り教室,釣り堀,media/images/9_00~釣りプロ小出の釣り教室.jpg,
ev112,112,1373,0,みかん祭り,1202,10:00,1202,13:00,みかんをぶつけ合おうぜ！！！！,中庭,media/images/10_00~みかん祭り.jpg,
ev113,113,1374,0,衣笠解放区,1202,10:00,1202,15:00,立命を解放せよ,立命館,media/images/10_00~衣笠解放区.jpg,
ev114,114,1376,0,食べるの早い人コンパ,1202,12:00,1202,13:00,寮食を、つなげない。,食堂,media/images/12_00~食べるの早い人コンパ.jpg,
ev115,115,1375,0,食べるの遅い人コンパ,1202,12:00,1202,15:00,昼寮食と夜寮食をつなぐ。,食堂,media/images/11_00~食べるの遅い人コンパ.jpg,
ev116,116,1377,0,ばか短歌会,1202,13:00,1202,15:00,ばかな短歌をみんなで読んで、ばかな短歌をみんなで詠みます。,食堂・ロビー・食北など。テレビが使えると嬉しいです。,media/images/13_00~ばか短歌会.jpg,
ev117,117,1378,0,市バス乗り継ぎ,1202,13:00,1202,15:00,京都の市バスの運賃は高すぎる！！市バスを乗りこなして一本当たりの運賃を下げよう！,市内(玄関集合),media/images/13_00~市バス乗り継ぎ.jpg,
ev118,118,1379,0,２４じかんをはかれ,1202,16:00,1203,16:00,ルールその１、２４じかんをはかれ。ルールその２、ルール１を守れ,地下,media/images/16_00~24時間を計れ.jpg,
ev119,119,1380,0,いぬの気持ちin24時間をはかれ,1202,16:00,1203,16:00,２４じかんをはかれ併設企画。敗者は時間感覚を奪われる,地下,media/images/16_00~いぬのきもち.jpg,
ev120,120,1382,0,こいで しまわたり　(小出やすみなし企画),1202,17:00,1202,18:00,小出 しまわたり,なし,media/images/17_00~小出しまわたり.jpg,
ev121,121,1381,0,アマチュア無線体験,1202,17:00,1202,20:00,CQCQ こちらはJL3ZND、京大アマチュア無線サークルです。A棟屋上で電波を飛ばします。時間内ならいつでも出入り自由！！,A棟屋上,media/images/17_00~アマチュア無線体験.jpg,
ev122,122,1401,0,nグラムはかれ,1202,17:00,1202,22:00,恒例企画nグラム、今年もやります。寮生ならピッタリご飯盛れるよね？真の寮食erは誰だ！,食堂,media/images/18_00~Nグラムを計れ.jpg,
ev123,123,1383,0,ヴィンテージを作ろう,1202,18:00,1202,20:00,ヴィンテージにしたいものを持ち寄ってヴィンテージ加工しよう。,中庭？,media/images/18_00~ヴィンテージをつくろう.jpg,
ev124,124,1388,0,対小出 大喜利選手権　(小出やすみなし企画),1202,18:00,1202,20:00,対小出 大喜利選手権,食堂,media/images/18_00~対小出大喜利選手権.jpg,
ev125,125,1384,0,ヒーリングアニメ上映会　2代目,1202,18:00,1202,21:00,皆さんでヒーリングされましょう,食堂or食北（上映できる設備がある場所）,media/images/18_00~ヒーリングアニメ上映会２代目.jpg,
ev126,126,1385,0,巨大折り紙,1202,18:00,1202,22:00,巨大な紙で折り紙をする。寮祭期間中展示し、最終日のファイヤーストームで天に返す。,食堂,media/images/18_00~巨大折り紙.jpg,
ev127,127,1390,0,小出を囲う会　(小出やすみなし企画),1202,20:00,1202,22:00,小出を囲う会,なし,media/images/20_00~小出をかこう.jpg,
ev128,128,1391,0,親の学歴選手権大会,1202,20:00,1202,22:00,親の学歴でバトルする。,食堂,media/images/20_00~親の学歴選手権大会.jpg,
ev129,129,1392,0,異世界居酒屋「のぶ」コンパ,1202,22:00,1202,24:00,異世界居酒屋「のぶ」の料理を再現します！,食堂,media/images/21_00~異世界居酒屋「のぶ」コンパ.jpg,
ev130,130,1393,0,千葉県民コンパ,1202,22:00,1202,24:00,皆千葉好き？おれも好き！,食堂,media/images/21_00~千葉県民コンパ.jpg,
ev131,131,1386,0,山下おつコン,1202,22:00,1202,24:00,山下くんをねぎらおう！,食堂,media/images/18_00~山下おつコン.jpg,
ev132,132,1387,0,山下追いコン,1202,22:00,1202,24:00,企画者が最もお世話になった先輩が留学のため寮を離れます。私はその背中を押したい。,食堂,media/images/18_00~山下さん追いコン.jpg,
ev133,133,1394,0,小出外企画,1202,22:00,1202,24:00,小出秘企画,外,media/images/22_00~小出外企画.jpg,
ev134,134,1395,0,〇〇派と見るワンピースフィルムゴールド,1202,22:00,1202,24:00,寮に来ている〇〇派を捕まえるところから始めます。一緒にワンピースを見てくれる〇〇派の人がいないと企画が倒れます。,スクリーン使えるとこならどこでも,media/images/22_00~中核派と見るワンピースフィルムゴールド.jpg,
ev135,135,1364,0,BUMPコンパ,1202,22:00,1202,24:00,BUMP好き集まれ！,食堂,media/images/21_00~BUMPコンパ.jpg,
ev136,136,1396,0,闇鍋・光鍋,1202,23:00,1202,24:00,闇鍋:食べられるものなら何でもあり、光鍋:鍋にして美味しいもの以外持込不可,食堂>食堂北部>ロビー,media/images/23_00~闇鍋VS光鍋.jpg,
ev137,137,1397,0,寮祭ライブ,1203,11:00,1203,18:00,年に何回か有るライブの中で最も大きいのがこの寮祭ライブ！魂を音にぶつけろ！,食堂,media/images/11_00~寮祭ライブ.jpg,
ev138,138,1398,0,ダサい食事会,1203,12:00,1203,14:00,最高にダサい服で同志社パフェを食べに行こう。優勝景品もあるよ。,ロビー集合食堂解散,media/images/12_00~ダサい食事会.jpg,
ev139,139,1399,0,ダサい食事会2,1203,12:00,1203,14:00,お洒落な同志社大生を嘲笑おう,同志社大学の食堂,media/images/12_00~ダサい食事会画像.jpg,
ev140,140,1413,0,全寮コンパ,1203,18:00,1203,24:00,食堂でやるクソデカコンパ！厨房員さんがご飯を出してくれます！,食堂,media/images/18_00~全寮コンパ.jpg,
ev141,141,1408,0,ファミマと連帯,1203,18:00,1203,24:00,寮生の冷蔵庫とも言われるファミマにて、日頃の感謝を込めた爆買い,ファミリーマート聖護院店,media/images/18_00~ファミマと連帯.jpg,
ev142,142,1404,0,さいだのサイダー,1203,18:00,1203,24:00,さいだがサイダー始めました。いろんなサイダー用意して待ってます。,食堂,media/images/18_00~さいだのサイダー.jpg,
ev143,143,1403,0,うちわ職人,1203,18:00,1203,24:00,寮祭ライブの準備はOK？自作うちわで同担に差をつけよう！,食北,media/images/18_00~うちわ職人.jpg,
ev144,144,1400,0,俺たちのふぁーすとていく,1203,18:00,1203,24:00,ジャジャーンカラ京大box店でファーストテイクを事前にとり、全寮コンパ中に動画を流し優勝者を決める。優勝者には豪華景品が！？,食堂,media/images/18_00~MyFIRSTTAKE.jpg,
ev145,145,1402,0,Tier-shirtsチェック,1203,18:00,1203,24:00,お前らG●とかUNI●LOバカにしてるけど違いわかるん？高級無地Tと安物無地T格付けしてみろや,食堂,media/images/18_00~Tier-Shirts.jpg,
ev146,146,1412,0,女児コンパ,1203,18:00,1203,24:00,あの頃の女児、本当はなりたかった女児になろう！,食堂,media/images/18_00~女児コンパ.jpg,
ev147,147,1411,0,自首,1203,18:00,1203,24:00,免状不実記載しとるやつ出てこいや,バタ署,media/images/18_00~自首.jpg,
ev148,148,1414,0,矛盾RTA,1203,18:00,1203,24:00,短い言葉で矛盾しよう！,食堂(投票→発表を行う),media/images/18_00~矛盾RTA.jpg,
ev149,149,1409,0,みんなのうぇぶて,1203,18:00,1203,24:00,熊野寮生の叡智を結集し、内定を勝ち取れ！,食堂,media/images/18_00~みんなのうぇぶて.jpg,
ev150,150,1407,0,なぜ人間は主語を大きくするのか,1203,18:00,1203,24:00,大きな主語を使おう！全寮コンパ中に主語くじをします！,食堂,media/images/18_00~なぜ人間は主語を大きくするのか.jpg,
ev151,151,1401,0,nグラムはかれ結果発表,1203,18:00,1203,24:00,恒例企画nグラム、今年もやります。寮生ならピッタリご飯盛れるよね？真の寮食erは誰だ！,食堂,media/images/18_00~Nグラムを計れ.jpg,
ev152,152,1416,0,寮食クイズ結果発表,1203,18:00,1203,24:00,今年もやります!!寮食クイズ!!メニューを当てて豪華景品を貰っちゃおう!!,食堂,media/images/18_00~寮食クイズ.jpg,
ev153,153,1405,0,シャンパンタワー,1203,18:00,1203,24:00,グラス積む、シャンパン開ける、注ぐ。,食堂（全寮コンパ中）,media/images/18_00~シャンパンタワー.jpg,タイテにない
ev154,154,1406,0,スマホ捜索,1203,18:00,1203,24:00,夏休み中に突如消失した企画者のスマホをみんなで探す。,食堂,media/images/18_00~スマホ捜索.jpg,たいてにない
ev155,155,1410,0,熊野寮フォトコンテスト,1203,18:00,1203,24:00,熊野寮でインスタ映えする写真を撮ろう！,食堂(結果発表のみ),media/images/18_00~熊野寮フォトコンテスト.jpg,タイテにない
ev156,156,1415,0,利き水2,1203,18:00,1203,24:00,あの利き水が帰ってきた！今度の利き水は…跳ねる、飛ぶ、跳躍する！？超スペクタクル大利き水に刮目せよ！,食堂,media/images/18_00~利き水2.jpg,タイテにない
ev157,157,1417,0,耐久カタン,1203,21:00,1204,28:00,カタンの開拓者たち　多彩な盤面・ダイス運・戦略・徹底討論　すべて夢中な12時間。,食堂,media/images/21_00~耐久カタン.jpg,
ev158,158,1418,0,耐久ドミニオン,1203,21:00,1204,28:00,全員同じ状態から場札から手札を作っていく『ドミニオン』というゲームを夜通し楽しみましょう！,食堂,media/images/21_00~耐久ドミニオン.jpg,
ev159,159,1419,0,無限ポテト,1203,21:00,1204,28:00,耐久カタン、耐久ドミニオンに併せて無限にポテトを揚げます。,食堂,media/images/21_00~無限ポテト.jpg,
ev160,160,1420,0,学校へ行こう!@熊野寮,1204,10:00,1204,11:00,(未)成年の主張だ！屋上から思いのたけを叫ぼう！,A棟屋上&中庭,media/images/10_00~学校へ行こう!＠熊野寮.jpg,
ev161,161,1421,0,鴨川イカダレース2021,1204,11:00,1204,14:00,三条大橋〜四条大橋の間の鴨川を自作いかだでレースします。優勝者には景品を贈呈します。,鴨川(三条大橋~四条大橋),media/images/11_00~イカダレース2021.jpg,
ev162,162,1425,0,スマホ三回忌,1204,11:00,1204,14:00,あれから2年…,食堂,media/images/17_00~スマホ3回忌.jpg,
ev163,163,1422,0,鴨川砂金採り,1204,11:00,1204,13:00,鴨川のどこかで砂金採りをします。暖かく水に浸かってもよい装備で来てください。,鴨川のどこか(未定),media/images/11_00~鴨川砂金採り.jpg,
ev164,164,1423,0,寮祭ライブ@食堂,1204,11:00,1204,18:00,年に何回か有るライブの中で最も大きいのがこの寮祭ライブ！魂を音にぶつけろ！,食堂,media/images/11_00~寮祭ライブ.jpg_,
ev165,165,1424,0,宝塚メイク,1204,16:00,1204,20:00,宝塚歌劇の本格的なメイクをします。男役さんも女役さんも史上最高の可愛さにします。,食堂,media/images/16_00~宝塚メイク.jpg,
ev166,166,1426,0,他人任せ回転寿司,1204,18:00,1204,22:00,回転寿司にペアで行って相手の寿司を選ぶ。,外(回転寿司),media/images/17_00~他人任せ回転寿司.jpg,
ev167,167,1427,0,京都駅大階段グリコ,1204,19:00,1204,21:00,京都駅大階段で道行く人と「グリコのおまけ」をやる。成績優秀者には素敵な景品が！？,京都駅大階段,media/images/19_00~京都駅第階段グリコ.jpg,
ev168,168,1428,0,日体大(2016年度版),1204,19:00,1204,20:00,これで君もメンディ兄貴。Youtubeで練習してきてね、2016年度版だよ。,京都駅大階段,media/images/19_00~日体大コール(2016年度版).jpg,
ev169,169,1429,0,推し怪文書,1204,20:00,1204,21:00,つかもとゆうた,食堂？,media/images/20_00~推し怪文書.jpg,
ev170,170,1430,0,模擬窓口交渉,1204,20:00,1204,22:00,総括から実践へ。,食堂,media/images/20_00~模擬窓口交渉.jpg,
ev171,171,1432,0,京大人狼,1204,21:00,1204,23:00,学生、中核派、当局の三陣営が闘う人狼をプレイする。,食堂or食堂北部orロビー,media/images/21_00~京大人狼.jpg,
ev172,172,1431,0,テラフォーミングマーズ最強決定戦,1204,21:00,1204,24:00,来たれ各ブロックの猛者！暇な時間があればインストからやるので初心者も歓迎です。景品あり。,食堂の一角,media/images/21_00~テラフォーミングマーズ最強決定戦.jpg,
ev173,173,1295,0,バーフバリ上映会,1204,21:00,1204,26:00,王を称えよ！　ジャイ　マヒシュマティ！！！,食堂のテレビ,media/images/21_00~バーフバリ上映会.jpg,
ev174,174,1433,0,LAMU vs 成城石井,1204,22:00,1204,24:00,LAMUと成城石井、“最強”はどっちだ…,食堂,media/images/22_00~LAMUvs成城石井.jpg,
ev175,175,1434,0,スピッツコンパ,1204,22:00,1204,24:00,スピッツ好きよ集え！,食堂,media/images/22_00~スピッツコンパ.jpg,
ev176,176,1435,0,自粛,1204,22:00,1204,26:00,自粛会場に集まって自粛活動にいそしむ,音楽室、鉄扉などの閉鎖空間。軟鉄庵でも可,media/images/22_00~自粛.jpg,
ev177,177,1437,0,ムーンショット目標,1204,24:00,1204,25:00,なし,食堂,media/images/0_00~ムーンショット目標.jpg,
ev178,178,1436,0,Film fair （映画祭）,1205,0:00,1205,13:00,映画をいくつか流します！（何流すかは未定決まりしだい告知）みんなで見よう〜,食北、無理ならC34談話室（許可が取れるならC12談話室）の日も,media/images/0_00~FilmFair.jpg,
ev179,179,1443,0,クラファン御礼企画　感謝のタテカンを君に,1205,6:00,1205,7:00,寮祭を応援してくれた人に感謝を込めて！名入りタテカンを掲げよう！,クスノキ前,media/images/14_00~クラファン御礼企画感謝のタテカンを君に.jpg,
ev180,180,1438,0,寮祭ライブlast,1205,11:00,1205,19:00,年に何回か有るライブの中で最も大きいのがこの寮祭ライブ！魂を音にぶつけろ！,食堂,media/images/11_00~寮祭ライブ.jpgのコピー.jpg,
ev181,181,1439,0,Crepes shop,1205,12:00,1205,14:00,なし,食堂,media/images/12_00~crepes.jpg,
ev182,182,1441,0,樹木観察会,1205,12:00,1205,14:00,熊野寮の付近で樹木を観察して楽しみます。樹木図鑑があるとより楽しいのであれば持ってくるとなお良し。,熊野寮付近,media/images/12_00~樹木観察会.jpg,
ev183,183,1440,0,アビスめし,1205,12:00,1205,14:00,メイドインアビスの料理を再現したり、メイドインアビスを料理で再現したりする,食堂,media/images/12_00~アビス飯.jpg,
ev184,184,1442,0,占いvs占い,1205,12:00,1205,17:00,主催者が占いを学んで頑張って人々を占います。その後ガチの占い師のところへ行って占ってもらいどちらがより当たってたか判断してもらいます。企画者が大勢で占いに行きたいだけの企画です。占いに興味はあるけどひとりで行くのはこわい…という方も是非！,食堂,media/images/12_00~占いvs占い.jpg,
ev185,185,1446,0,金融資本家コンパ再,1205,19:00,1205,22:00,君も金融資本家になろう！,ロビーand食堂,media/images/18_00~金融資本家コンパ.jpg,
ev186,186,1444,0,ファイヤーストーム,1205,20:00,1206,5:00,寮祭の終わりをファイヤーストームで飾る。火を起こし、火を囲み、朝まで団欒する。,駐輪場,media/images/20_00~ファイヤーストーム.jpg,
ev187,187,1445,0,合唱コンクール,1205,20:00,1205,21:00,合唱コンクール、そろそろしたいよね。,同上,media/images/20_00~合唱コンクール「ときのたびびと」.jpg,
ev188,188,1447,1,1日1回大文字火床,,,,,1日1回大文字火床に登りましょう。報告は「#1日1回大文字火床」で,大文字,media/images/1日1回大文字山火床.jpg,
ev189,189,1448,1,A4談話室に来よう！,,,,,万国の人民よ!A4民たれ！,A4談話室,media/images/A4談話室に来よう！.jpg,
ev190,190,1449,1,バークマ,,,,,バークマ,軟鉄庵,media/images/B209野坂企画広告バークマ.jpg,
ev191,191,1450,1,生ハム原木,,,,,軟鉄に生ハムの原木がある。,軟鉄庵,media/images/B209野坂企画広告生ハム.jpg,
ev192,192,1451,1,No More アルコールハラスメント,,,,,"アルハラしたら10年以下の懲役・1,000万円以下の罰金のどちらかもしくは両方だ！気をつけろ！",上映企画に於いて,media/images/Nomoreアルコールハラスメント.jpg,
ev193,193,1452,1,QWOPトライアスロン,,,,,ハンドシミュレーターの銃でスタート！走れ！,談話室？,media/images/QWOPトライアスロン.jpg,
ev194,194,1453,1,TOEIC900・TOEFL600,,,,,"Feel free to join us for studying English of any genre-TOEIC, TOEFL, Eiken, weekly assignments, research papers, dissertations etc.",食堂,media/images/toeic900_TOEFL600.jpg,
ev195,195,1454,1,TOEIC団体受験★900突破チャレンジ,,,,,"Feel free to join us for studying English of any genre-TOEIC, TOEFL, Eiken, weekly assignments, research papers, dissertations etc.",食堂,media/images/TOEIC団体受験.jpg,
ev196,196,1455,1,あたたまり屋,,,,,こたつとお酒とあったかごはんとあったか交流,ロビー,media/images/あたたまりや.jpg,
ev197,197,1456,1,KUMANO ADVENT CALENDER,,,,,寮に関わりのある方々に思い思いの文章を書き連ねていただきます,ネット上,media/images/アドベントカレンダー.jpg,
ev198,198,1457,1,くまけん・こいけん,,,,,くまけん、こいけん,食堂,media/images/くま検・こい検.jpg,
ev199,199,1458,1,すき家VS松屋VS吉野家VSなか卯,,,,,みんなで箱に牛丼屋のレシートを入れて、人気のある、すなわち最強の牛丼屋を決めよう！,ロビー,media/images/すき家VS-広告画像.jpg,
ev200,200,1459,1,スタンプチャット,,,,,LINEオープンチャットでスタンプをフル活用する,LINE上,media/images/スタンプチャット.jpg,
ev201,201,1460,1,ドキドキ！シール集め,,,,,自転車撤去直前に貼られるシールをたくさん集めましょう！自転車が撤去されるギリギリを狙え！,京都市内,media/images/ドキドキシール集め.jpg,
ev202,202,1461,1,ドレッシング祭り,,,,,ドレッシングをたくさん買います。みんな寮食を食べよう。,食堂,media/images/ドレッシング祭り.jpg,
ev203,203,1462,1,びゃんの字になって寝よう,,,,,画数が最多のびゃんの字の形になって寝るのを目指す。,駐輪場？,media/images/びゃんの字になって寝る.jpg,
ev204,204,1463,1,ベスト 外歌選手権,,,,,ベスト 外歌選手権,なし,media/images/ベスト外歌選手権.jpg,
ev205,205,1464,1,ラマダン(煙草),,,,,日の出から日没まで一緒に禁煙しましょう,世界,media/images/ラマダン.jpg,
ev206,206,1465,1,安波 やすみな,,,,,安波 もう やすみな,なし,media/images/安波やすみな.jpg,
ev207,207,1466,1,右,,,,,君が代は千代に八千代にさざれ石の巌となりて苔のむすまで,特になし。,media/images/右.jpg,
ev208,208,1467,1,皆で初音ミクを描こう,,,,,皆で企画者の最推しである初音ミクちゃんを描いて、素晴らしさの再確認をしよう！,食堂,media/images/皆で初音ミクを描こう.jpg,
ev209,209,1468,1,喫煙可能店マップ,,,,,みんなでつくろう喫煙可能店マップ,喫煙所,media/images/喫煙可能店MAP.jpg,
ev210,210,1469,1,熊野杯,,,,,最強とは何か。力が強いことか。頭が切れることか。否。勝ち続けた先にあるものだ。,寮内各地,media/images/熊野杯.jpg,
ev211,211,1470,1,公安のスパイを探せ！,,,,,公安のスパイを見つけ出して弾劾しよう！！！,全寮,media/images/公安のスパイを探せ.jpg,
ev212,212,1471,1,左,,,,,科学的理論のもとに人類社会の前進と発展を目指す。,食堂,media/images/左.jpg,
ev213,213,1472,1,三里塚野菜市,,,,,毎年恒例の三里塚野菜。空港建設の時代は終わりだ！改憲・戦争阻止の闘いに連帯せよ！,ロビー,media/images/三里塚野菜市.jpg,
ev214,214,1473,1,手動販売人,,,,,俺が自販機になる,食堂,media/images/手動販売人.jpg,
ev215,215,1474,1,祝日制定,,,,,365日祝日にしようぜ,食堂,media/images/祝日制定.jpg,
ev216,216,1475,1,小出どっきり,,,,,小出どっきり,なし,media/images/小出どっきり.jpg,
ev217,217,1476,1,小出募金,,,,,可哀想な小出に募金しよう！,ロビー,media/images/小出募金.jpg,
ev218,218,1477,1,承認欲求を満たす,,,,,巨大ツイッターアカウントをお借りしてツイートします。承認欲求を満たしましょう。,食堂,media/images/承認欲求を満たす.jpg,
ev219,219,1478,1,お手軽に神になろう,,,,,未だこの世界にない音の並び、線の連なり。それらに意味を与え、コトバとしよう。,食堂、玄関付近の邪魔にならないところ,media/images/神になってみた.jpg,
ev220,220,1479,1,人類猫化計画,,,,,にゃ？にゃあ、にゃあああ～～,特になし,media/images/人類猫化計画.jpg,
ev221,221,1480,1,推しを推そう☆,,,,,みんな！！！　推しへの愛を書き殴りたくないか！！！！？？？？,食堂,media/images/推しを推そう.jpg,
ev222,222,1481,1,全体,,,,,全体主義を起源させる。,食堂,media/images/全体（右、左と同じページ希望）.jpg,
ev223,223,1482,1,昼寝,,,,,対面始まっても始まってなくても授業があってもなくても寮祭期間中はみんな昼寝するものやろ〜,各自,media/images/昼寝.jpg,
ev224,224,1483,1,追憶,,,,,チャリン…ピッ……ガコン……,食堂,media/images/追憶.jpg,
ev225,225,1484,1,謎解き,,,,,謎の箱に閉じ込められたあなた、ここから脱出するには謎を解くしかない…,寮内,media/images/謎解き.jpg,
ev226,226,1485,1,日焼けマシン,,,,,鏡で冬の日光を集め体を焼く　多分A棟屋上にて　雨天中止,屋上,media/images/日焼けマシン.jpg,
ev227,227,1486,1,平安湯と連帯,,,,,いつも寮祭パンフに広告くれる近所の銭湯「平安湯」に熊野寮の広告鏡を設置する。,平安湯,media/images/平安湯と連帯.jpg,
ev228,228,1487,1,民青池を見ない会,,,,,見るな！！！！！,民青池,media/images/民青池を見ない会.jpg,
ev229,229,1488,1,寮生シャッフル,,,,,寮生シャッフル,なし,media/images/寮生シャッフル.jpg,
ev230,230,1489,2,BLACKPINKになる,,,,,BRING OUT YOUR BOSS BITCH...,あまねくばしょ,media/images/BlackPink.jpg,
ev231,231,1490,2,Ｂ地下グラフィティー,,,,,Ｂ地下にグラフィティーを描く！,Ｂ地下,media/images/Bt.jpg,
ev232,232,1491,2,逆ガンジー,,,,,その先に待つのは、,民青池,media/images/企画広告用紙逆ガンジー.jpg,
ev233,233,1492,2,LAMUコンパ,,,,,いつも笑顔でいてね　何度も立ち上がって　夢を忘れないで　その方があなたらしいLAMU,食堂,media/images/LAMUコンパ.jpg,
ev234,234,1493,2,SDGs,,,,,持続可能な社会を目指して、とりあえず鰻を食べよう‼︎他の高級食材も出るかも？,食堂,media/images/SDGsコンパ.jpg,
ev235,235,1494,2,SSKにスマホを捨てさせる,,,,,スマホは人間を堕落させる。5Gなき社会へ,SSKのいる場所,media/images/SSKにスマホ捨てさせる.jpg,
ev236,236,1495,2,エントリーシートを書く,,,,,みんなで集まって、就活する上での最強の人生経験を考える。その人生経験を踏まえてエントリーシートを書く。,食堂,media/images/エントリーシートを書く.jpg,
ev237,237,1496,2,おかえり,,,,,皆で「ただいま」「おかえり」って言って温かくなる。,いつでもどこでも,media/images/おかえり.jpg,
ev238,238,1497,2,おそうじ,,,,,みんなで寮を綺麗にしよう！みんながやらなくてもおれがやりますが。,寮内各所,media/images/おそうじ.jpg,
ev239,239,1498,2,おでかけ,,,,,全人民は団結しておでかけ行動へ結集せよ！,日本,media/images/おでかけ.jpg,
ev240,240,1499,2,クラファン結果発表！！,,,,,今回のクラウドファンディングで集まった金額は…！！,全寮コンパ中,media/images/クラファン結果発表.jpg,
ev241,241,1500,2,コール,,,,,コールをかけて一気飲み。ただし飲むのはノンアルのみ。,ロビー,media/images/コール.jpg,
ev242,242,1501,2,コガチを忘れない,,,,,こんにちは,食堂,media/images/コガチを忘れない.jpg,
ev243,243,1502,2,シシ・カバ・ブーのシシカバブー,,,,,出会ったころに思い描いてたこと実現するよ。,食堂,media/images/シシカバブーのシシカバブー.jpg,
ev244,244,1503,2,チャンダーランチで得するまでナン食べる,,,,,チャンダーランチで得するまでナン食べます（逆張りチャンダーと同時開催予定）。,チャンダー,media/images/チャンダーランチで得するまでナン食べる.jpg,
ev245,245,1504,2,チャンダー逆張り,,,,,チャンダー(カレー屋)で逆張りします。,チャンダー,media/images/チャンダー逆張り.jpg,
ev246,246,1505,2,テアトルKUMANO,,,,,熊野寮に小劇場をつくります。,ボイラー室,media/images/テアトルKUMANO.jpg,
ev247,247,1506,2,とけいだいせんきょ,,,,,革命的学生の力で勝利を勝ち取ろう！,オンライン,media/images/とけいだいせんきょ.jpg,
ev248,248,1507,2,寮外生フリマ,,,,,近くに住む寮外生が、いらないものを売ります。掘り出し物、あるかも。,ロビーの端,media/images/フリマ.jpg,
ev249,249,1508,2,ルンバ放牧,,,,,広くて平らで栄養豊富、ルンバの楽園・熊野寮。,未定,media/images/ルンバ放牧.jpg,
ev250,250,1509,2,握りつぶす,,,,,捨て台詞を吐きながら様々握りつぶそう,食堂か中庭,media/images/握りつぶす.jpg,
ev251,251,1510,2,居酒屋こたつ,,,,,こたつでさけを呑もう,色んなとこ,media/images/居酒屋こたつ.jpg,
ev252,252,1511,2,京都大学アイマス学部,,,,,京都大学にはアイマス学部が存在している！！！！！これを機にアイドルマスターという壮大なコンテンツに少し触れてみませんか？,食堂北部,media/images/京都大学アイマス学部.jpg,
ev253,253,1512,2,熊野紅茶館,,,,,@日中の軟鉄庵　気が向いたらお茶とか出すよ！,軟鉄庵,media/images/熊野紅茶館.jpg,
ev254,254,1513,2,自販機契約,,,,,自販機との契約を試みます。場合によっては力を示す必要があります。,食堂,media/images/自販機契約.jpg,
ev255,255,1514,2,写ルンです,,,,,寮内某所に長年保存されている写ルンですを現像します。,ビックカメラ,media/images/写ルンです.jpg,
ev256,256,1515,2,進次郎,,,,,コンパ用のmyお椀を作ってコンパ後のゴミ散乱問題をセクシーに解決しよう！,食堂,media/images/進次郎.jpg,
ev257,257,1516,2,団血！,,,,,皆の若い血を捧げに行こう！※ただし健康な人に限ります。,ロビー,media/images/団血.jpg,
ev258,258,1517,2,斗争,,,,,打倒！門川！,京都のあちこち,media/images/斗争.jpg,
ev259,259,1518,2,買い出し,,,,,買い出しに行こう,店,media/images/買い出し.jpg,
ev260,260,1519,2,無限BBQ,,,,,人がいなくなるまで無限にBBQをします,中庭か玄関前,media/images/無限BBQ.jpg,
ev261,261,1520,2,ぼくらのあいぞめ「藍」,,,,,もう何年目かわからなくなってきたからもう恒例企画ですね。２代目企画者です。藍とウコン、茜などで染物しよう。,中庭,media/images/藍染.jpg,
ev262,262,1521,2,山下のお疲れ様会,,,,,熊野寮一の働き者山下を労おう！彼なき後も熊野寮は回るのか？？,山下がいるところ,なし,
ev263,263,1522,2,逆転祭判,,,,,いいじゃん！無罪で！,食堂北部,なし,
ev264,264,1523,2,共産カラオケ,,,,,С интернационалом! 共産趣味革命の時は近い。,食堂PC周辺,なし,
ev265,265,1389,2,斎藤幸平ゼミと団結！,,,,,斎藤幸平が……ゼミ生を連れて……熊野寮祭に……来る！！,たぶん食堂,media/images/19_00~斎藤幸平ゼミと団結！.jpg,
ev266,266,1291,2,忙しい人のための寮祭実,,,,,あなたも寮祭実！,食堂,media/images/18_00~忙しい人のための寮祭実.jpg,